{
  "2021": {
    "weight": 14570.399999999974
  },
  "2022": {
    "weight": 17031.099999999977
  }
}