{
  "2021": {
    "weight": 14570.399999999974
  },
  "2022": {
    "weight": 4986.799999999999
  }
}