{
  "2021": {
    "weight": 14570.399999999974
  },
  "2022": {
    "weight": 5466.299999999997
  }
}