{
  "2021": {
    "weight": 14570.399999999974
  },
  "2022": {
    "weight": 15396.499999999987
  }
}