{
  "2021": {
    "weight": 14570.399999999974
  },
  "2022": {
    "weight": 8635.699999999993
  }
}