{
  "2021": {
    "weight": 14570.399999999974
  },
  "2022": {
    "weight": 21635.09999999997
  }
}