{
  "2021": {
    "weight": 14570.399999999974
  },
  "2022": {
    "weight": 2781.1000000000013
  }
}