{
  "2021": {
    "weight": 14570.399999999974
  },
  "2022": {
    "weight": 2493.400000000001
  }
}