{
  "2021": {
    "weight": 14570.399999999974
  },
  "2022": {
    "weight": 23243.699999999975
  }
}