{
  "2021": {
    "weight": 14570.399999999974
  },
  "2022": {
    "weight": 2205.7000000000007
  }
}