{
  "2021": {
    "weight": 14570.399999999974
  },
  "2022": {
    "weight": 12676.799999999996
  }
}