{
  "2021": {
    "weight": 14570.399999999974
  },
  "2022": {
    "weight": 4507.300000000001
  }
}