{
  "2021": {
    "weight": 14570.399999999974
  },
  "2022": {
    "weight": 17893.29999999997
  }
}