{
  "2021": {
    "weight": 14570.399999999974
  },
  "2022": {
    "weight": 20777.099999999948
  }
}