{
  "2021": {
    "weight": 14570.399999999974
  },
  "2022": {
    "weight": 21730.49999999997
  }
}