{
  "2021": {
    "weight": 14570.399999999974
  },
  "2022": {
    "weight": 26174.69999999997
  }
}