{
  "2021": {
    "weight": 14570.399999999974
  },
  "2022": {
    "weight": 18276.499999999967
  }
}