{
  "2021": {
    "weight": 14570.399999999974
  },
  "2022": {
    "weight": 767.1999999999999
  }
}