{
  "2021": {
    "weight": 14570.399999999974
  },
  "2022": {
    "weight": 20681.49999999995
  }
}