{
  "2021": {
    "weight": 14570.399999999974
  },
  "2022": {
    "weight": 8924.599999999991
  }
}