{
  "2021": {
    "weight": 14570.399999999974
  },
  "2022": {
    "weight": 6466.899999999998
  }
}