{
  "2021": {
    "weight": 14570.399999999974
  },
  "2022": {
    "weight": 5658.099999999997
  }
}