{
  "2021": {
    "weight": 14570.399999999974
  },
  "2022": {
    "weight": 5274.499999999998
  }
}