{
  "2021": {
    "weight": 14570.399999999974
  },
  "2022": {
    "weight": 1438.5000000000002
  }
}