{
  "2021": {
    "weight": 14570.399999999974
  },
  "2022": {
    "weight": 10472.59999999999
  }
}