{
  "2021": {
    "weight": 14570.399999999974
  },
  "2022": {
    "weight": 21444.299999999967
  }
}