{
  "2021": {
    "weight": 14570.399999999974
  },
  "2022": {
    "weight": 10183.899999999994
  }
}