{
  "2021": {
    "weight": 14570.399999999974
  },
  "2022": {
    "weight": 8239.999999999996
  }
}