{
  "2021": {
    "weight": 14570.399999999974
  },
  "2022": {
    "weight": 13987.099999999988
  }
}