{
  "2021": {
    "weight": 14570.399999999974
  },
  "2022": {
    "weight": 14739.19999999999
  }
}