{
  "2021": {
    "weight": 14570.399999999974
  },
  "2022": {
    "weight": 4315.500000000002
  }
}