{
  "2021": {
    "weight": 14570.399999999974
  },
  "2022": {
    "weight": 12582.099999999995
  }
}