{
  "2021": {
    "weight": 14570.399999999974
  },
  "2022": {
    "weight": 22487.799999999977
  }
}