{
  "2021": {
    "weight": 14570.399999999974
  },
  "2022": {
    "weight": 27016.19999999997
  }
}