{
  "2021": {
    "weight": 14570.399999999974
  },
  "2022": {
    "weight": 25522.599999999973
  }
}