{
  "2021": {
    "weight": 14570.399999999974
  },
  "2022": {
    "weight": 2013.9000000000008
  }
}