{
  "2021": {
    "weight": 14570.399999999974
  },
  "2022": {
    "weight": 9119.39999999999
  }
}