{
  "2021": {
    "weight": 14570.399999999974
  },
  "2022": {
    "weight": 25706.999999999967
  }
}