{
  "2021": {
    "weight": 14570.399999999974
  },
  "2022": {
    "weight": 6765.899999999995
  }
}