{
  "2021": {
    "weight": 14570.399999999974
  },
  "2022": {
    "weight": 12861.199999999997
  }
}