{
  "2021": {
    "weight": 14570.399999999974
  },
  "2022": {
    "weight": 20872.699999999946
  }
}