{
  "2021": {
    "weight": 14570.399999999974
  },
  "2022": {
    "weight": 6167.699999999996
  }
}