{
  "2021": {
    "weight": 14570.399999999974
  },
  "2022": {
    "weight": 23055.299999999977
  }
}