{
  "2021": {
    "weight": 14570.399999999974
  },
  "2022": {
    "weight": 863.0999999999999
  }
}