{
  "2021": {
    "weight": 14570.399999999974
  },
  "2022": {
    "weight": 25804.59999999997
  }
}