{
  "2021": {
    "weight": 14570.399999999974
  },
  "2022": {
    "weight": 15302.599999999988
  }
}