{
  "2021": {
    "weight": 14570.399999999974
  },
  "2022": {
    "weight": 22582.69999999998
  }
}