{
  "2021": {
    "weight": 14570.399999999974
  },
  "2022": {
    "weight": 10864.999999999993
  }
}