{
  "2021": {
    "weight": 14570.399999999974
  },
  "2022": {
    "weight": 13893.699999999988
  }
}