{
  "2021": {
    "weight": 14570.399999999974
  },
  "2022": {
    "weight": 5370.399999999998
  }
}