{
  "2021": {
    "weight": 14570.399999999974
  },
  "2022": {
    "weight": 19341.099999999955
  }
}