{
  "2021": {
    "weight": 14570.399999999974
  },
  "2022": {
    "weight": 7456.399999999995
  }
}