{
  "2021": {
    "weight": 14570.399999999974
  },
  "2022": {
    "weight": 8827.199999999992
  }
}