{
  "2021": {
    "weight": 14570.399999999974
  },
  "2022": {
    "weight": 1342.6000000000001
  }
}