{
  "2021": {
    "weight": 14570.399999999974
  },
  "2022": {
    "weight": 7750.9999999999945
  }
}