{
  "2021": {
    "weight": 14570.399999999974
  },
  "2022": {
    "weight": 12394.79999999999
  }
}