{
  "2021": {
    "weight": 14570.399999999974
  },
  "2022": {
    "weight": 25332.599999999973
  }
}