{
  "2021": {
    "weight": 14570.399999999974
  },
  "2022": {
    "weight": 21539.699999999968
  }
}