{
  "2021": {
    "weight": 14570.399999999974
  },
  "2022": {
    "weight": 22771.199999999975
  }
}