{
  "2021": {
    "weight": 14570.399999999974
  },
  "2022": {
    "weight": 3548.300000000002
  }
}