{
  "2021": {
    "weight": 14570.399999999974
  },
  "2022": {
    "weight": 17510.099999999973
  }
}