{
  "2021": {
    "weight": 14570.399999999974
  },
  "2022": {
    "weight": 1534.4000000000003
  }
}