{
  "2021": {
    "weight": 14570.399999999974
  },
  "2022": {
    "weight": 14552.299999999994
  }
}