{
  "2021": {
    "weight": 14570.399999999974
  },
  "2022": {
    "weight": 3260.6000000000017
  }
}