{
  "2021": {
    "weight": 14570.399999999974
  },
  "2022": {
    "weight": 1726.2000000000005
  }
}