{
  "2021": {
    "weight": 14570.399999999974
  },
  "2022": {
    "weight": 16839.499999999978
  }
}