{
  "2021": {
    "weight": 14570.399999999974
  },
  "2022": {
    "weight": 13337.499999999989
  }
}