{
  "2021": {
    "weight": 14570.399999999974
  },
  "2022": {
    "weight": 11632.799999999994
  }
}