{
  "2021": {
    "weight": 14570.399999999974
  },
  "2022": {
    "weight": 16456.29999999998
  }
}