{
  "2021": {
    "weight": 14570.399999999974
  },
  "2022": {
    "weight": 6864.799999999998
  }
}