{
  "2021": {
    "weight": 14570.399999999974
  },
  "2022": {
    "weight": 7652.299999999995
  }
}