{
  "2021": {
    "weight": 14570.399999999974
  },
  "2022": {
    "weight": 12490.19999999999
  }
}