{
  "2021": {
    "weight": 14570.399999999974
  },
  "2022": {
    "weight": 9312.599999999993
  }
}