{
  "2021": {
    "weight": 14570.399999999974
  },
  "2022": {
    "weight": 1822.1000000000006
  }
}