{
  "2021": {
    "weight": 14570.399999999974
  },
  "2022": {
    "weight": 3068.8000000000015
  }
}