{
  "2021": {
    "weight": 14570.399999999974
  },
  "2022": {
    "weight": 7161.299999999996
  }
}