{
  "2021": {
    "weight": 14570.399999999974
  },
  "2022": {
    "weight": 19722.19999999996
  }
}