{
  "2021": {
    "weight": 14570.399999999974
  },
  "2022": {
    "weight": 5082.699999999999
  }
}