{
  "2021": {
    "weight": 14570.399999999974
  },
  "2022": {
    "weight": 11346.599999999993
  }
}