{
  "2021": {
    "weight": 14570.399999999974
  },
  "2022": {
    "weight": 10377.899999999996
  }
}