{
  "2021": {
    "weight": 14570.399999999974
  },
  "2022": {
    "weight": 14080.499999999987
  }
}