{
  "2021": {
    "weight": 14570.399999999974
  },
  "2022": {
    "weight": 2109.8000000000006
  }
}