{
  "2021": {
    "weight": 14570.399999999974
  },
  "2022": {
    "weight": 8734.199999999993
  }
}