{
  "2021": {
    "weight": 14570.399999999974
  },
  "2022": {
    "weight": 18947.099999999962
  }
}