{
  "2021": {
    "weight": 14570.399999999974
  },
  "2022": {
    "weight": 16168.899999999981
  }
}