{
  "2021": {
    "weight": 14570.399999999974
  },
  "2022": {
    "weight": 11157.199999999992
  }
}