{
  "2021": {
    "weight": 14570.399999999974
  },
  "2022": {
    "weight": 18468.099999999966
  }
}