{
  "2021": {
    "weight": 14570.399999999974
  },
  "2022": {
    "weight": 9993.099999999993
  }
}