{
  "2021": {
    "weight": 14570.399999999974
  },
  "2022": {
    "weight": 11537.199999999995
  }
}