{
  "2021": {
    "weight": 14570.399999999974
  },
  "2022": {
    "weight": 19243.499999999956
  }
}