{
  "2021": {
    "weight": 14570.399999999974
  },
  "2022": {
    "weight": 22960.599999999977
  }
}