{
  "2021": {
    "weight": 14570.399999999974
  },
  "2022": {
    "weight": 15784.099999999986
  }
}