{
  "2021": {
    "weight": 14570.399999999974
  },
  "2022": {
    "weight": 21921.299999999974
  }
}