{
  "2021": {
    "weight": 14570.399999999974
  },
  "2022": {
    "weight": 20588.699999999953
  }
}