{
  "2021": {
    "weight": 14570.399999999974
  },
  "2022": {
    "weight": 7353.199999999995
  }
}