{
  "2021": {
    "weight": 14570.399999999974
  },
  "2022": {
    "weight": 12203.99999999999
  }
}