{
  "2021": {
    "weight": 14570.399999999974
  },
  "2022": {
    "weight": 17414.299999999974
  }
}