{
  "1": {},
  "2": {},
  "3": {},
  "4": {},
  "5": {},
  "6": {},
  "7": {},
  "8": {
    "weight": 2926.4000000000005
  },
  "9": {
    "weight": 2839.5
  },
  "10": {
    "weight": 2954.600000000001
  },
  "11": {
    "weight": 2877.0000000000014
  },
  "12": {
    "weight": 767.1999999999999
  }
}