{
  "1": {},
  "2": {},
  "3": {},
  "4": {},
  "5": {},
  "6": {},
  "7": {},
  "8": {
    "weight": 2926.4000000000005
  },
  "9": {
    "weight": 762.7000000000002
  },
  "10": {},
  "11": {},
  "12": {}
}