{
  "1": {
    "weight": 2972.9000000000015
  },
  "2": {
    "weight": 2013.9000000000008
  },
  "3": {},
  "4": {},
  "5": {},
  "6": {},
  "7": {},
  "8": {},
  "9": {},
  "10": {},
  "11": {},
  "12": {}
}