{
  "1": {
    "weight": 2972.9000000000015
  },
  "2": {
    "weight": 2685.200000000001
  },
  "3": {
    "weight": 287.70000000000005
  },
  "4": {},
  "5": {},
  "6": {},
  "7": {},
  "8": {},
  "9": {},
  "10": {},
  "11": {},
  "12": {}
}