{
  "1": {
    "weight": 2972.9000000000015
  },
  "2": {
    "weight": 2691.300000000001
  },
  "3": {
    "weight": 3065.600000000001
  },
  "4": {
    "weight": 1166.1999999999998
  },
  "5": {},
  "6": {},
  "7": {},
  "8": {},
  "9": {},
  "10": {},
  "11": {},
  "12": {}
}