{
  "1": {
    "weight": 2972.9000000000015
  },
  "2": {
    "weight": 2691.300000000001
  },
  "3": {
    "weight": 3065.600000000001
  },
  "4": {
    "weight": 2901.8000000000006
  },
  "5": {
    "weight": 2919.8
  },
  "6": {
    "weight": 2862.900000000001
  },
  "7": {
    "weight": 1926.799999999999
  },
  "8": {},
  "9": {},
  "10": {},
  "11": {},
  "12": {}
}