{
  "1": {
    "weight": 2972.9000000000015
  },
  "2": {
    "weight": 2691.300000000001
  },
  "3": {
    "weight": 3065.600000000001
  },
  "4": {
    "weight": 1648.1000000000004
  },
  "5": {},
  "6": {},
  "7": {},
  "8": {},
  "9": {},
  "10": {},
  "11": {},
  "12": {}
}