{
  "1": {
    "weight": 2972.9000000000015
  },
  "2": {
    "weight": 2691.300000000001
  },
  "3": {
    "weight": 994.5000000000002
  },
  "4": {},
  "5": {},
  "6": {},
  "7": {},
  "8": {},
  "9": {},
  "10": {},
  "11": {},
  "12": {}
}